<?xml version="1.0" encoding="UTF-8"?>
<LightningComponentBundle xmlns="http://soap.sforce.com/2006/04/metadata">
    <apiVersion>58.0</apiVersion>
    <isExposed>true</isExposed>
    <targets>
        <target>lightning__HomePage</target>
        <target>lightning__RecordPage</target>
        <target>lightning__FlowScreen</target>
    </targets>
    <targetConfigs>

        <targetConfig targets="lightning__FlowScreen">

            <property name="firstName" type="String" label="First Name" description="First Name"/>

            <property name="lastName" type="String" label="Last Name" description="Last Name"/>  

        </targetConfig>

    </targetConfigs>

</LightningComponentBundle>